{
	"format_version": "1.8.0",
	"animations": {
		"idle": {
			"loop": true,
			"animation_length": 4,
			"bones": {
				"upperbody": {
					"rotation": {
						"0.0": [0, 0, 0],
						"2.0": [1, 0, 0],
						"4.0": [0, 0, 0]
					}
				},
				"head": {
					"rotation": {
						"0.0": [0, 0, 0],
						"2.0": [1, 0, 0],
						"4.0": [0, 0, 0]
					},
					"scale": {
						"0.4": [0.6, 1, 1],
						"3.4": [2.5, 1, 1]
					}
				},
				"armleft": {
					"rotation": {
						"0.0": [0, 0, 0],
						"1.0": [1, 0, 0],
						"3.0": [-1, 0, 0],
						"4.0": [0, 0, 0]
					}
				},
				"armright": {
					"rotation": {
						"0.0": [0, 0, 0],
						"1.0": [-1, 0, 0],
						"3.0": [1, 0, 0],
						"4.0": [0, 0, 0]
					}
				},
				"all": {
					"rotation": {
						"0.2": [0, 22.5, 0],
						"1.3": [0, -72.5, 0],
						"2.4": [0, 0, 0]
					}
				}
			}
		},
		"attack_idle": {
			"loop": true,
			"animation_length": 4
		},
		"walk": {
			"loop": true,
			"animation_length": 2,
			"bones": {
				"all": {
					"rotation": {
						"0.0": [0, 0, 0],
						"0.5": [0, 0, -2.5],
						"1.5": [0, 0, 2.5],
						"2.0": [0, 0, 0]
					}
				},
				"torso": {
					"rotation": {
						"0.0": [0, 0, 0],
						"0.4583": [0, 0, -2.5],
						"1.5": [0, 0, 1.67],
						"2.0": [0, 0, 0]
					},
					"position": {
						"0.0": [0, -0.71, 0],
						"0.4583": [0, 0, 0],
						"0.7917": [0, -1.18, 0],
						"1.1667": [0, 0, 0],
						"1.5": [0, 0, 0],
						"1.8333": [0, -1.18, 0],
						"2.0": [0, -0.71, 0]
					}
				},
				"upperbody": {
					"rotation": {
						"0.0": [0, 0, 0],
						"0.5833": [0, 0, -2.5],
						"1.625": [0, 0, 2.5],
						"2.0": [0, 0, 0]
					},
					"position": {
						"0.0": [0, -0.67, 0],
						"0.5": [0, 0, 0],
						"0.75": [0, -0.5, 0],
						"1.5": [0, 0, 0],
						"1.75": [0, -0.5, 0],
						"2.0": [0, -0.67, 0]
					}
				},
				"head": {
					"position": {
						"0.0": [0, -0.33, 0],
						"0.5": [0, 0, 0],
						"0.75": [0, -0.5, 0],
						"1.5": [0, 0, 0],
						"1.75": [0, -0.5, 0],
						"2.0": [0, -0.33, 0]
					}
				},
				"armleft": {
					"rotation": {
						"0.0": [0, 0, 0],
						"0.4583": [-22.5, 0, 0],
						"1.5": [22.5, 0, 0],
						"2.0": [0, 0, 0]
					}
				},
				"armright": {
					"rotation": {
						"0.0": [0, 0, 52.5],
						"0.4583": [21.51908, 2.00973, 37.41845],
						"1.0": [-0.48397, 0.75963, 57.49679],
						"1.5": [16.32495, 15.69986, 137.26579],
						"2.0": [0, 0, 0]
					}
				},
				"legright": {
					"rotation": {
						"0.0": [0, 0, 0],
						"0.5": [-30, 0, 0],
						"1.5": [45, 0, 0],
						"2.0": [0, 0, 0]
					},
					"position": {
						"0.0": [0, 0, 0],
						"0.4167": [0, 1, -1],
						"0.5833": [0, 0, -1],
						"2.0": [0, 0, 0]
					}
				},
				"legleft": {
					"rotation": {
						"0.0": [0, 0, 0],
						"0.5": [45, 0, 0],
						"1.5": [-30, 0, 0],
						"2.0": [0, 0, 0]
					},
					"position": {
						"0.0": [0, 0, 0],
						"0.5": [0, 0, 0],
						"1.4167": [0, 1, -1],
						"1.5833": [0, 0, -1],
						"2.0": [0, 0, 0]
					}
				}
			}
		},
		"attack_walk": {
			"loop": true,
			"animation_length": 2,
			"bones": {
				"all": {
					"rotation": {
						"0.0": [0, 0, 0],
						"0.5": [0, 0, -2.5],
						"1.5": [0, 0, 2.5],
						"2.0": [0, 0, 0]
					}
				},
				"torso": {
					"rotation": {
						"0.0": [0, 0, 0],
						"0.4583": [0, 0, -2.5],
						"1.5": [0, 0, 1.67],
						"2.0": [0, 0, 0]
					},
					"position": {
						"0.0": [0, -0.71, 0],
						"0.4583": [0, 0, 0],
						"0.7917": [0, -1.18, 0],
						"1.1667": [0, 0, 0],
						"1.5": [0, 0, 0],
						"1.8333": [0, -1.18, 0],
						"2.0": [0, -0.71, 0]
					}
				},
				"legright": {
					"rotation": {
						"0.0": [0, 0, 0],
						"0.5": [-30, 0, 0],
						"1.5": [45, 0, 0],
						"2.0": [0, 0, 0]
					},
					"position": {
						"0.0": [0, 0, 0],
						"0.4167": [0, 1, -1],
						"0.5833": [0, 0, -1],
						"2.0": [0, 0, 0]
					}
				},
				"legleft": {
					"rotation": {
						"0.0": [0, 0, 0],
						"0.5": [45, 0, 0],
						"1.5": [-30, 0, 0],
						"2.0": [0, 0, 0]
					},
					"position": {
						"0.0": [0, 0, 0],
						"0.5": [0, 0, 0],
						"1.4167": [0, 1, -1],
						"1.5833": [0, 0, -1],
						"2.0": [0, 0, 0]
					}
				}
			}
		},
		"attack": {
			"loop": true,
			"animation_length": 0.5,
			"bones": {
				"upperbody": {
					"rotation": {
						"0.0": [0, 0, 0],
						"0.0833": [-10, 0, 0],
						"0.5": [0, 0, 0]
					}
				},
				"head": {
					"rotation": {
						"0.0": [0, 0, 0],
						"0.0833": [-22.5, 0, 0],
						"0.5": [0, 0, 0]
					}
				},
				"armleft": {
					"rotation": {
						"0.0": [0, 0, 0],
						"0.0833": [-180, 0, 0],
						"0.5": [0, 0, 0]
					}
				},
				"armright": {
					"rotation": {
						"0.0": [0, 0, 0],
						"0.0833": [-180, 0, 0],
						"0.5": [0, 0, 0]
					}
				}
			}
		}
	},
	"geckolib_format_version": 2
}